monday,IceSkate_distance,Kayaking_distance,Other_distance,Ride_distance,Run_distance,Swim_distance,VirtualRide_distance,Yoga_distance,IceSkate_moving_time,Kayaking_moving_time,Other_moving_time,Ride_moving_time,Run_moving_time,Swim_moving_time,VirtualRide_moving_time,Yoga_moving_time,IceSkate_total_elevation_gain,Kayaking_total_elevation_gain,Other_total_elevation_gain,Ride_total_elevation_gain,Run_total_elevation_gain,Swim_total_elevation_gain,VirtualRide_total_elevation_gain,Yoga_total_elevation_gain
04-23-2018,0.0,0.0,0.0,0.0,32.49436100504261,0.0,0.0,0,0.0,0.0,0.0,0.0,1.1658333333333333,0.0,0.0,0,0,0.0,0.0,0.0,20.4,0,0.0,0
04-30-2018,0.0,0.0,0.0,0.0,47.5564923807316,0.0,0.0,0,0.0,0.0,0.0,0.0,1.7408333333333332,0.0,0.0,0,0,0.0,0.0,0.0,14.100000000000001,0,0.0,0
07-16-2018,0.0,0.0,0.0,0.0,13.862811917035165,0.0,0.0,0,0.0,0.0,0.0,0.0,0.5047222222222222,0.0,0.0,0,0,0.0,0.0,0.0,15.2,0,0.0,0
07-23-2018,0.0,0.0,0.629525495210432,0.0,135.27336802100487,0.0,0.0,0,0.0,0.0,0.10333333333333333,0.0,5.188055555555556,0.0,0.0,0,0,0.0,0.0,0.0,89.4,0,0.0,0
07-30-2018,0.0,0.0,1.9364840281748361,0.0,142.7734467026084,0.0,0.0,0,0.0,0.0,0.3030555555555556,0.0,5.3438888888888885,0.0,0.0,0,0,0.0,0.0,0.0,81.2,0,0.0,0
08-06-2018,0.0,0.0,0.0,0.0,49.77634442650439,0.0,0.0,0,0.0,0.0,0.7561111111111111,0.0,1.8772222222222221,0.0,0.0,0,0,0.0,0.0,0.0,31.0,0,0.0,0
08-13-2018,0.0,0.0,4.539392552412788,0.0,36.436030516018555,0.0,0.0,0,0.0,0.0,1.0797222222222222,0.0,1.4033333333333333,0.0,0.0,0,0,0.0,0.0,0.0,25.200000000000003,0,0.0,0
08-20-2018,0.0,0.0,0.0,0.0,129.44862629524303,0.0,0.0,0,0.0,0.0,0.0,0.0,4.706388888888889,0.0,0.0,0,0,0.0,0.0,0.0,68.1,0,0.0,0
08-27-2018,0.0,0.0,0.0,0.0,146.6617044001954,0.0,0.0,0,0.0,0.0,0.0,0.0,5.231944444444444,0.0,0.0,0,0,0.0,0.0,0.0,97.80000000000001,0,0.0,0
09-03-2018,0.0,0.0,0.0,116.71480148717012,156.848071116251,0.0,0.0,0,0.0,0.0,0.0,2.366388888888889,5.589166666666666,0.0,0.0,0,0,0.0,0.0,115.2,131.8,0,0.0,0
09-10-2018,0.0,0.0,4.192215765384496,0.0,26.540982431004323,0.237906817652388,0.0,0,0.0,0.0,3.707222222222222,0.0,0.9669444444444444,0.41944444444444445,0.0,0,0,0.0,0.0,0.0,10.2,0,0.0,0
09-17-2018,0.0,0.0,0.0,0.0,152.81303286278595,1.2386648021044637,0.0,0,0.0,0.0,0.0,0.0,5.310833333333333,0.8147222222222222,0.0,0,0,0.0,0.0,0.0,104.10000000000001,0,0.0,0
09-24-2018,0.0,0.0,0.0,0.0,153.09721632791653,0.0,0.0,0,0.0,0.0,0.0,0.0,5.405277777777778,0.0,0.0,0,0,0.0,0.0,0.0,163.0,0,0.0,0
10-01-2018,0.0,0.0,0.0,0.0,173.919057488638,0.0,0.0,0,0.0,0.0,0.0,0.0,6.155833333333334,0.0,0.0,0,0,0.0,0.0,0.0,132.6,0,0.0,0
10-08-2018,0.0,0.0,0.0,0.0,34.07388287579729,4.194254384216136,0.0,0,0.0,0.0,0.8066666666666666,0.0,1.2963888888888888,1.3144444444444443,0.0,0,0,0.0,0.0,0.0,28.5,0,0.0,0
10-15-2018,0.0,0.0,0.0,0.0,111.68940220529436,0.0,0.0,0,0.0,0.0,0.0,0.0,4.021388888888889,0.0,0.0,0,0,0.0,0.0,0.0,67.6,0,0.0,0
10-22-2018,0.0,0.0,0.0,0.0,147.32119759223093,0.0,0.0,0,0.0,0.0,0.0,0.0,5.0625,0.0,0.0,0,0,0.0,0.0,0.0,96.5,0,0.0,0
10-29-2018,0.0,0.0,0.0,0.0,173.17169982495878,0.0,0.0,0,0.0,0.0,0.0,0.0,5.933888888888889,0.0,0.0,0,0,0.0,0.0,0.0,120.9,0,0.0,0
11-05-2018,0.0,0.0,0.0,0.0,188.57468826929795,0.0,0.0,0,0.0,0.0,0.0,0.0,6.413333333333333,0.0,0.0,0,0,0.0,0.0,0.0,120.7,0,0.0,0
11-12-2018,0.0,0.0,0.0,0.0,207.51406880088308,0.0,0.0,0,0.0,0.0,0.0,0.0,7.076944444444445,0.0,0.0,0,0,0.0,0.0,0.0,134.7,0,0.0,0
11-19-2018,0.0,0.0,0.0,0.0,214.26964388517172,0.0,0.0,0,0.0,0.0,0.0,0.0,7.431111111111111,0.0,0.0,0,0,0.0,0.0,0.0,216.9,0,0.0,0
11-26-2018,0.0,0.0,0.0,0.0,216.43975363145248,0.0,0.0,0,0.0,0.0,0.0,0.0,7.3677777777777775,0.0,0.0,0,0,0.0,0.0,0.0,121.6,0,0.0,0
12-03-2018,0.0,0.0,0.0,0.0,192.71084201681236,0.0,0.0,0,0.0,0.0,0.0,0.0,6.416666666666667,0.0,0.0,0,0,0.0,0.0,0.0,165.8,0,0.0,0
12-10-2018,0.0,0.0,0.0,0.0,220.92043396151402,0.0,0.0,0,0.0,0.0,0.0,0.0,8.020277777777778,0.0,0.0,0,0,0.0,0.0,0.0,675.8,0,0.0,0
12-17-2018,0.0,0.0,62.49549117898951,0.0,111.14509097724648,0.0,0.0,0,0.0,0.0,6.381944444444445,0.0,4.115833333333334,0.0,0.0,0,0,0.0,2108.0,0.0,589.2,0,0.0,0
12-24-2018,0.0,0.0,0.0,122.95052876939054,123.65262909500737,0.0,0.0,0,0.0,0.0,0.0,3.0486111111111116,4.523055555555556,0.0,0.0,0,0,0.0,0.0,214.9,356.9,0,0.0,0
12-31-2018,0.0,0.0,8.948925085250107,135.734707462605,140.3175225961317,0.0,0.0,0,0.0,0.0,0.6255555555555555,2.565,4.885833333333333,0.0,0.0,0,0,0.0,4.5,148.8,179.3,0,0.0,0
01-07-2019,0.0,0.0,0.0,0.0,169.32910718920056,0.0,0.0,0,0.0,0.0,0.0,0.5841666666666666,6.228055555555556,0.0,0.0,0,0,0.0,0.0,0.0,7.8,0,0.0,0
01-14-2019,0.0,0.0,0.0,0.0,185.2929196741239,0.0,0.0,0,0.0,0.0,0.3566666666666667,0.0,6.726666666666667,0.0,0.0,0,0,0.0,0.0,0.0,0.0,0,0.0,0
01-21-2019,0.0,0.0,0.0,0.0,201.3227834091924,0.0,0.0,0,0.0,0.0,1.1222222222222222,0.0,7.1930555555555555,0.0,0.0,0,0,0.0,0.0,0.0,0.0,0,0.0,0
01-28-2019,0.0,0.0,0.0,0.0,211.60027638702226,0.0,0.0,0,0.0,0.0,0.22111111111111112,0.0,7.133055555555556,0.0,0.0,0,0,0.0,0.0,0.0,82.5,0,0.0,0
02-04-2019,0.0,0.0,0.19713444101958802,0.0,213.52310166902512,0.0,0.0,0,0.0,0.0,0.4075,0.0,7.259722222222222,0.0,0.0,0,0,0.0,0.0,0.0,102.5,0,0.0,0
02-11-2019,0.0,0.0,0.0,0.0,245.09723013346544,0.0,0.0,0,0.0,0.0,0.6594444444444445,0.0,8.553888888888888,0.0,0.0,0,0,0.0,0.0,0.0,144.8,0,0.0,0
02-18-2019,0.0,0.0,0.5485923275943241,0.0,247.1915032592092,0.0,0.0,0,0.0,0.0,0.08861111111111111,0.0,8.544722222222223,0.0,0.0,0,0,0.0,0.0,0.0,182.9,0,0.0,0
02-25-2019,0.0,0.0,0.0,0.0,265.64365389003234,0.0,0.0,0,0.0,0.0,1.0019444444444445,0.0,9.262777777777778,0.0,0.0,0,0,0.0,0.0,0.0,187.29999999999998,0,0.0,0
03-04-2019,0.0,0.0,0.041180100399128,0.0,27.93050502665015,0.0,0.0,0,0.0,0.0,6.065555555555556,0.8594444444444445,0.9905555555555555,0.0,0.0,0,0,0.0,0.0,0.0,21.2,0,0.0,0
03-11-2019,0.0,0.0,0.0,0.0,158.68282806472698,0.0,0.0,0,0.0,0.0,0.7236111111111112,0.0,5.663888888888889,0.0,0.0,0,0,0.0,0.0,0.0,98.4,0,0.0,0
03-18-2019,0.0,0.0,0.0,0.0,175.8761315670124,0.0,0.0,0,0.0,0.0,0.0,0.0,6.189444444444445,0.0,0.0,0,0,0.0,0.0,0.0,139.1,0,0.0,0
03-25-2019,0.0,0.0,0.0,0.0,248.64014580097262,0.0,0.0,0,0.0,0.0,0.72,0.0,8.756944444444445,0.0,0.0,0,0,0.0,0.0,0.0,249.0,0,0.0,0
04-01-2019,0.0,0.0,0.0,0.0,268.2049745901048,0.0,0.0,0,0.0,0.0,0.3452777777777778,0.0,9.531388888888888,0.0,0.0,0,0,0.0,0.0,0.0,195.2,0,0.0,0
04-08-2019,0.0,0.0,0.0,0.0,278.68510627979975,0.0,0.0,0,0.0,0.0,1.1825,0.0,9.711388888888889,0.0,0.0,0,0,0.0,0.0,0.0,190.1,0,0.0,0
04-15-2019,0.0,0.0,0.7412418071843041,0.0,114.50024985035958,0.0,0.0,0,0.0,0.0,2.183333333333333,0.0,4.330555555555556,0.0,0.0,0,0,0.0,0.0,0.0,54.7,0,0.0,0
04-22-2019,0.0,0.0,0.18388341861392798,0.0,206.24625174948613,0.0,0.0,0,0.0,0.0,0.010555555555555556,0.0,7.281944444444445,0.0,0.0,0,0,0.0,0.0,0.0,110.4,0,0.0,0
04-29-2019,0.0,0.0,0.0866413003447,0.0,239.94237855578052,0.0,0.0,0,0.0,0.0,0.39694444444444443,0.0,8.383611111111112,0.0,0.0,0,0,0.0,0.0,0.0,164.6,0,0.0,0
05-06-2019,0.0,0.0,0.035268105787372,0.0,219.67850736927895,0.0,0.0,0,0.0,0.0,0.007222222222222222,0.0,7.798055555555555,0.0,0.0,0,0,0.0,0.0,0.0,158.2,0,0.0,0
05-13-2019,0.0,0.0,0.47601749718793995,0.0,238.36509916574067,0.0,0.0,0,0.0,0.0,0.10277777777777777,0.0,8.341111111111111,0.0,0.0,0,0,0.0,0.0,0.0,138.0,0,0.0,0
05-20-2019,0.0,0.0,0.00305792824746,0.0,243.87793221026158,0.0,0.0,0,0.0,0.0,1.3291666666666666,0.0,8.71,0.0,0.0,0,0,0.0,0.0,0.0,156.2,0,0.0,0
05-27-2019,0.0,0.0,0.0,0.0,204.06268711891653,0.0,0.0,0,0.0,0.0,0.745,0.0,7.030833333333334,0.0,0.0,0,0,0.0,0.0,0.0,118.5,0,0.0,0
06-03-2019,0.0,0.0,0.754696691473128,0.0,231.9597587967278,0.0,0.0,0,0.0,0.0,0.6461111111111111,0.0,8.170555555555556,0.0,0.0,0,0,0.0,0.0,0.0,124.3,0,0.0,0
06-10-2019,0.0,0.0,0.0,0.0,239.8196537021158,0.0,0.0,0,0.0,0.0,0.5230555555555556,0.0,8.514166666666666,0.0,0.0,0,0,0.0,0.0,0.0,124.30000000000001,0,0.0,0
06-17-2019,0.0,0.0,0.019163017017416,0.0,249.93487262094715,0.0,0.0,0,0.0,0.0,0.005277777777777778,0.0,8.731111111111112,0.0,0.0,0,0,0.0,0.0,0.0,166.3,0,0.0,0
06-24-2019,0.0,0.0,0.0,0.0,248.52741017958292,0.0,0.0,0,0.0,0.0,0.0,0.0,8.8575,0.0,0.0,0,0,0.0,0.0,0.0,535.2,0,0.0,0
07-01-2019,0.0,0.0,0.0,46.2489222621177,236.9668105091188,0.0,0.0,0,0.0,0.0,0.32722222222222225,1.4461111111111111,8.690555555555555,0.0,0.0,0,0,0.0,0.0,51.1,186.70000000000002,0,0.0,0
07-08-2019,0.0,0.0,4.151851112518024,299.7381268160292,58.107160282001246,0.0,0.0,0,0.0,0.0,1.1177777777777778,5.792777777777777,2.1825,0.0,0.0,0,0,0.0,7.8,328.3,37.9,0,0.0,0
07-15-2019,0.0,0.0,0.0,474.0214854898813,0.0,0.0,0.0,0,0.0,0.0,3.7744444444444447,7.981111111111112,0.0,0.0,0.0,0,0,0.0,0.0,441.7,0.0,0,0.0,0
07-22-2019,0.0,0.0,0.30049241578373603,851.0613881972181,0.0,0.0,27.69932565114217,0,0.0,0.0,0.03138888888888889,13.363055555555556,0.0,0.0,0.5019444444444444,0,0,0.0,0.0,839.1,0.0,0,190.0,0
07-29-2019,0.0,0.0,0.0,422.3225196432572,0.0,0.0,293.0875406015701,0,0.0,0.0,0.0,7.366388888888888,0.0,0.0,4.026388888888889,0,0,0.0,0.0,461.4,0.0,0,738.0,0
08-05-2019,0.0,0.0,0.0,528.5553546837839,0.0,0.0,193.7462565214023,0,0.0,0.0,0.0,8.774444444444445,0.0,0.0,2.891111111111111,0,0,0.0,0.0,507.0,0.0,0,1024.6,0
08-12-2019,0.0,0.0,0.0,417.39742040789815,0.0,0.0,355.79994082424605,0,0.0,0.0,0.0,7.102222222222222,0.0,0.0,5.688055555555556,0,0,0.0,0.0,377.0,0.0,0,1689.0,0
08-19-2019,0.0,0.0,0.0,608.7756172944675,0.0,0.0,231.1465537447866,0,0.0,0.0,0.0,9.575833333333334,0.0,0.0,3.5141666666666667,0,0,0.0,0.0,635.0,0.0,0,605.4,0
08-26-2019,0.0,0.0,0.0,478.5574123902803,0.0,0.0,378.0392336586068,0,0.0,0.0,0.0,7.287222222222222,0.0,0.0,5.889166666666666,0,0,0.0,0.0,514.0,0.0,0,1886.2,0
09-02-2019,0.0,0.0,93.54895639382899,292.76625427370357,0.0,0.0,80.10406133728002,0,0.0,0.0,12.749444444444444,5.575833333333334,0.0,0.0,1.0366666666666666,0,0,0.0,2889.9,508.8,0.0,0,408.0,0
09-09-2019,0.0,0.0,27.38109725152317,192.4609073480533,22.166718003954376,0.0,221.98785478176075,0,0.0,0.0,3.7474999999999996,2.9725,0.7538888888888888,0.0,3.205277777777778,0,0,0.0,580.0,177.0,34.6,0,505.0,0
09-16-2019,0.0,0.0,0.0,603.5700041078746,74.81547636423953,0.0,0.0,0,0.0,0.0,0.32472222222222225,9.26388888888889,2.5972222222222223,0.0,0.0,0,0,0.0,0.0,631.0,22.5,0,0.0,0
09-23-2019,0.0,0.0,0.0,213.75366945888362,104.53140376363999,0.0,155.14256260170094,0,0.0,0.0,1.0677777777777777,3.2861111111111114,3.6197222222222223,0.0,2.3758333333333335,0,0,0.0,0.0,231.0,74.89999999999999,0,979.6,0
09-30-2019,0.0,0.0,0.0,780.5001016108449,0.0,0.0,113.04691848528343,0,0.0,0.0,0.0,12.453055555555556,0.0,0.0,1.5027777777777778,0,0,0.0,0.0,898.0,0.0,0,258.0,0
10-07-2019,0.0,0.0,0.0,422.0030680723392,7.074211207673963,0.0,283.28789987787655,0,0.0,0.0,0.0,6.300833333333333,0.24,0.0,3.8511111111111114,0,0,0.0,0.0,446.0,9.5,0,625.2,0
10-14-2019,0.0,0.0,0.0,211.19010627809632,77.29994113435919,0.0,210.72387415130027,0,0.0,0.0,0.0,3.0472222222222225,2.768611111111111,0.0,2.938888888888889,0,0,0.0,0.0,217.0,63.6,0,455.0,0
10-21-2019,0.0,0.0,0.0,106.84013959047229,83.16463978922114,0.0,328.8614277210719,0,0.0,0.0,0.38055555555555554,1.6491666666666667,3.084722222222222,0.0,4.974444444444444,0,0,0.0,0.0,145.0,65.0,0,2624.6,0
10-28-2019,0.0,0.0,0.0,0.0,83.38032566160865,0.0,145.65054945970195,0,0.0,0.0,0.0,0.0,2.894722222222222,0.0,2.5761111111111115,0,0,0.0,0.0,0.0,74.8,0,1638.0,0
11-04-2019,0.0,0.0,0.0,0.0,116.46690543724269,0.0,153.94507789999562,0,0.0,0.0,0.0,0.0,3.902222222222222,0.0,2.5697222222222225,0,0,0.0,0.0,0.0,73.7,0,1510.0,0
11-11-2019,0.0,0.0,0.0,0.0,64.49394921964621,0.0,274.61011109723455,0,0.0,0.0,0.0,0.0,2.386111111111111,0.0,3.7855555555555553,0,0,0.0,0.0,0.0,38.2,0,1684.0,0
11-18-2019,0.0,0.0,0.0,0.0,105.47569200645563,0.0,77.37557389301304,0,0.0,0.0,0.0,0.0,3.6766666666666667,0.0,1.0061111111111112,0,0,0.0,0.0,0.0,106.9,0,184.0,0
11-25-2019,0.0,0.0,0.13352953347242,0.0,114.62990600805188,0.0,0.0,0,0.0,0.0,0.018055555555555554,0.0,3.9475,0.0,0.0,0,0,0.0,0.0,0.0,79.0,0,0.0,0
12-02-2019,0.0,0.0,0.0,0.0,30.82840169582641,0.0,0.0,0,0.0,0.0,0.0,0.0,1.005,0.0,0.0,0,0,0.0,0.0,0.0,23.6,0,0.0,0
12-09-2019,0.0,0.0,66.31076632240377,0.0,136.25700160727115,0.0,0.0,0,0.0,0.0,7.6049999999999995,0.0,4.846666666666667,0.0,0.0,0,0,0.0,1211.0,0.0,272.90000000000003,0,0.0,0
12-16-2019,0.0,0.0,7.74063570373708,0.0,157.86534191323935,0.0,0.0,0,0.0,0.0,0.8975,0.0,5.8197222222222225,0.0,0.0,0,0,0.0,67.3,0.0,489.4,0,0.0,0
12-23-2019,0.0,0.0,0.086233576578372,0.0,189.1781194434634,0.0,0.0,0,0.0,0.0,0.018055555555555554,0.0,6.491111111111111,0.0,0.0,0,0,0.0,0.0,0.0,773.6,0,0.0,0
12-30-2019,0.0,0.0,5.171364390221187,2.492823107329392,134.2067626482908,0.0,0.0,0,0.0,0.0,0.9675,0.45555555555555555,4.655833333333334,0.0,0.0,0,0,0.0,2.6,6.5,270.5,0,0.0,0
01-06-2020,0.0,0.0,0.0,0.0,200.26657499251968,0.0,0.0,0,0.0,0.0,0.0,0.0,6.969166666666666,0.0,0.0,0,0,0.0,0.0,0.0,202.1,0,0.0,0
01-13-2020,0.0,0.0,0.0,0.0,127.69663727133164,0.0,39.80362496400467,0,0.0,0.0,0.6808333333333334,0.0,4.443333333333333,0.0,1.2025,0,0,0.0,0.0,0.0,103.7,0,1058.0,0
01-20-2020,0.0,0.0,0.653785059306948,0.0,108.24658272242073,0.0,222.46611475966347,0,0.0,0.0,0.43638888888888894,0.0,3.5811111111111114,0.0,2.975277777777778,0,0,0.0,0.0,0.0,106.3,0,681.0,0
01-27-2020,0.0,0.0,0.0,0.0,133.31466304756515,0.0,153.82479938892885,0,0.0,0.0,0.30833333333333335,0.0,4.498055555555555,0.0,2.180833333333333,0,0,0.0,0.0,0.0,114.1,0,1165.0,0
02-03-2020,0.0,0.0,0.0,0.0,88.91028310431533,0.0,110.47866648118335,0,0.0,0.0,0.0961111111111111,0.0,3.1019444444444444,0.0,1.5205555555555557,0,0,0.0,0.0,0.0,66.19999999999999,0,392.0,0
02-10-2020,0.0,0.0,0.0,0.0,114.25785807127758,0.0,211.6251475367683,0,0.0,0.0,0.4444444444444444,0.0,3.899166666666667,0.0,2.7941666666666665,0,0,0.0,0.0,0.0,94.4,0,335.0,0
02-17-2020,0.0,0.0,0.40874307574382,0.0,43.69901782750239,0.0,74.87622720542241,0,0.0,0.0,0.012777777777777779,0.0,1.4566666666666666,0.0,1.0116666666666667,0,0,0.0,0.0,0.0,32.9,0,481.0,0
02-24-2020,0.0,0.0,0.0,0.0,43.696367623021246,0.0,0.0,0,0.0,0.0,0.0,0.0,1.4702777777777776,0.0,0.0,0,0,0.0,0.0,0.0,33.0,0,0.0,0
03-02-2020,0.0,0.0,0.0,0.0,134.74047305841415,0.0,0.0,0,0.0,0.0,0.0,0.0,4.6194444444444445,0.0,0.0,0,0,0.0,0.0,0.0,94.69999999999999,0,0.0,0
03-09-2020,0.0,0.0,0.0,0.0,88.31786047184073,0.0,74.86684955879686,0,0.0,0.0,0.0,0.0,3.1483333333333334,0.0,1.021388888888889,0,0,0.0,0.0,0.0,67.5,0,479.0,0
03-16-2020,0.0,0.0,0.0,0.0,56.2375429515042,0.0,435.001505604759,0,0.0,0.0,0.0,0.0,1.8980555555555556,0.0,6.385833333333333,0,0,0.0,0.0,0.0,51.4,0,1738.0,0
03-23-2020,0.0,0.0,0.0,0.0,74.3376241101031,0.0,635.279496862736,0,0.0,0.0,0.0,0.0,2.484166666666667,0.0,8.900277777777777,0,0,0.0,0.0,0.0,52.1,0,2353.0,0
03-30-2020,0.0,0.0,0.0,0.0,116.80062733998216,0.0,338.8622801234483,0,0.0,0.0,0.0,0.0,4.000555555555556,0.0,4.520277777777778,0,0,0.0,0.0,0.0,53.9,0,898.0,0
04-06-2020,0.0,0.0,0.0,0.0,151.35358564121486,0.0,105.0799960912343,0,0.0,0.0,0.0,0.0,5.286944444444444,0.0,1.3583333333333334,0,0,0.0,0.0,0.0,86.2,0,385.0,0
04-13-2020,0.0,0.0,0.0,0.0,84.28934579863693,0.0,170.23058443655174,0,0.0,0.0,0.0,0.0,2.9755555555555553,0.0,2.424166666666667,0,0,0.0,0.0,0.0,42.3,0,936.0,0
04-20-2020,0.0,0.0,0.0,0.0,120.18065736284129,0.0,363.36158579456514,0,0.0,0.0,0.0,0.0,4.262777777777778,0.0,4.977777777777778,0,0,0.0,0.0,0.0,69.9,0,1196.0,0
04-27-2020,0.0,0.0,0.0,0.0,185.57282203970806,0.0,0.0,0,0.0,0.0,0.0,0.0,6.546388888888889,0.0,0.0,0,0,0.0,0.0,0.0,188.79999999999998,0,0.0,0
05-04-2020,0.0,0.0,0.0,0.0,198.01532821673965,0.0,121.77648818424909,0,0.0,0.0,0.0,0.0,6.931111111111111,0.0,1.7191666666666667,0,0,0.0,0.0,0.0,135.6,0,402.0,0
05-11-2020,0.0,0.0,0.0,0.0,184.70049704164933,0.0,0.0,0,0.0,0.0,0.0,0.0,6.857777777777778,0.0,0.0,0,0,0.0,0.0,0.0,72.7,0,0.0,0
05-18-2020,0.0,0.0,20.011897898910895,98.84161860453274,122.03641208528317,0.0,0.0,0,0.0,0.0,2.0575,1.7061111111111111,4.936388888888889,0.0,0.0,0,0,0.0,320.2,534.0,953.9000000000001,0,0.0,0
05-25-2020,0.0,0.0,1.21705544248908,164.2276674249046,176.98575179707404,0.0,0.0,0,0.0,0.0,0.21055555555555555,2.6230555555555557,6.823888888888889,0.0,0.0,0,0,0.0,0.0,766.0,1210.5,0,0.0,0
06-01-2020,0.0,0.0,10.728231601505502,159.60713784299256,197.37316328477306,0.0,0.0,0,0.0,0.0,1.1080555555555556,2.525833333333333,7.5713888888888885,0.0,0.0,0,0,0.0,171.8,752.0,1418.0,0,0.0,0
06-08-2020,0.0,0.0,32.80993920018049,399.85857101364974,127.9771512225653,0.0,0.0,0,0.0,0.0,4.639722222222222,7.285833333333334,5.178055555555556,0.0,0.0,0,0,0.0,1028.3,2246.0,956.9,0,0.0,0
06-15-2020,0.0,0.0,0.0,984.0464065797072,41.807791137389955,0.267874514477496,0.0,0,0.0,0.0,0.0,16.930277777777775,1.8897222222222223,0.2336111111111111,0.0,0,0,0.0,0.0,5972.0,265.4,0,0.0,0
06-22-2020,0.0,0.0,1.943619194085576,247.78107182531951,60.46930792222251,0.0,0.0,0,0.0,0.0,0.33666666666666667,4.073888888888889,2.408333333333333,0.0,0.0,0,0,0.0,2.0,947.0,88.5,0,0.0,0
06-29-2020,0.0,0.0,0.0,393.30543077934294,66.15664673873178,0.0,0.0,0,0.0,0.0,0.0,6.165555555555556,2.6494444444444443,0.0,0.0,0,0,0.0,0.0,622.4,108.9,0,0.0,0
07-06-2020,0.0,0.0,14.423024371969834,281.84516933072496,122.39969396108143,0.0,0.0,0,0.0,0.0,1.4133333333333333,4.568888888888889,4.405555555555556,0.0,0.0,0,0,0.0,25.5,493.0,253.3,0,0.0,0
07-13-2020,0.0,0.0,0.0,1019.7921607593324,19.95135091961119,0.0,0.0,0,0.0,0.0,0.0,16.650555555555556,0.6752777777777778,0.0,0.0,0,0,0.0,0.0,1712.0,23.0,0,0.0,0
07-20-2020,0.0,0.0,0.0,433.52350695182,56.609590888278504,0.0,0.0,0,0.0,0.0,0.0,7.047499999999999,1.9683333333333333,0.0,0.0,0,0,0.0,0.0,680.7,83.0,0,0.0,0
07-27-2020,0.0,0.0,36.80828231467602,0.0,117.77284466079128,0.0,0.0,0,0.0,0.0,3.925,0.0,4.331666666666667,0.0,0.0,0,0,0.0,665.8,0.0,435.8,0,0.0,0
08-03-2020,0.0,0.0,0.0,335.20642497266823,87.92726110369851,0.0,0.0,0,0.0,0.0,0.0,5.598888888888888,3.270555555555555,0.0,0.0,0,0,0.0,0.0,1064.0,71.4,0,0.0,0
08-10-2020,0.0,0.0,0.0,716.5783926972401,0.0,0.0,0.0,0,0.0,0.0,0.0,12.408333333333333,0.0,0.0,0.0,0,0,0.0,0.0,3213.0,0.0,0,0.0,0
08-17-2020,0.0,0.0,13.738660030188289,433.97179923289764,6.2377659010520725,0.0,0.0,0,0.0,0.0,1.596111111111111,7.598611111111111,0.28583333333333333,0.0,0.0,0,0,0.0,135.9,1776.9,2.6,0,0.0,0
08-24-2020,0.0,0.0,0.0,375.99082945657494,40.052744185231084,0.0,0.0,0,0.0,0.0,0.0,6.1375,1.3402777777777777,0.0,0.0,0,0,0.0,0.0,1243.0,49.6,0,0.0,0
08-31-2020,0.0,0.0,0.0,529.3642786361787,61.08680556632628,0.0,0.0,0,0.0,0.0,0.0,9.244166666666667,2.088888888888889,0.0,0.0,0,0,0.0,0.0,1797.0,116.5,0,0.0,0
09-07-2020,0.0,0.0,0.0,211.3894831998307,72.66962618205525,0.0,142.7351206685736,0,0.0,0.0,0.0,3.5458333333333334,2.4444444444444446,0.0,2.2,0,0,0.0,0.0,739.0,92.4,0,1228.0,0
09-14-2020,0.0,0.0,3.761047882492636,0.0,124.72514646233316,0.0,0.0,0,0.0,0.0,0.6133333333333333,0.0,4.473611111111111,0.0,0.0,0,0,0.0,0.0,0.0,551.8000000000001,0,0.0,0
09-21-2020,0.0,0.0,15.108204161284041,0.0,71.4892658785357,0.0,20.65426669276066,0,0.0,0.0,1.4858333333333333,0.0,2.9561111111111114,0.0,0.6391666666666667,0,0,0.0,14.6,0.0,184.9,0,374.0,0
09-28-2020,0.0,0.0,8.547317175417028,0.0,15.518578132093173,0.0,109.46893857387208,0,0.0,0.0,0.8980555555555556,0.0,0.6658333333333334,0.0,1.5805555555555555,0,0,0.0,25.0,0.0,27.5,0,456.0,0
10-05-2020,0.0,0.0,0.0,0.0,46.26604666030347,0.0,167.9051319353,0,0.0,0.0,0.0,0.0,1.7355555555555555,0.0,3.093888888888889,0,0,0.0,0.0,0.0,41.5,0,1616.0,0
10-12-2020,0.0,0.0,9.888524504752985,0.0,98.31116998454002,0.0,116.01535136603444,0,0.0,0.0,0.8558333333333333,0.0,3.397777777777778,0.0,2.1002777777777775,0,0,0.0,9.5,0.0,90.0,0,1311.0,0
10-19-2020,0.0,0.0,0.0,0.0,72.78582745545873,0.0,103.20202042352753,0,0.0,0.0,0.0,0.0,2.7094444444444443,0.0,2.129722222222222,0,0,0.0,0.0,0.0,96.60000000000001,0,1225.0,0
10-26-2020,0.0,0.0,0.0,0.0,103.87150284783812,0.0,81.54393781806735,0,0.0,0.0,0.0,0.0,3.8230555555555554,0.0,1.7816666666666667,0,0,0.0,0.0,0.0,135.6,0,1015.0,0
11-02-2020,0.0,0.0,0.0,68.3440847450815,103.74490461839328,0.0,106.37533449685836,0,0.0,0.0,0.0,1.4777777777777779,3.6969444444444446,0.0,1.58,0,0,0.0,0.0,127.0,118.8,0,291.0,0
11-09-2020,0.0,0.0,15.340810569974163,104.6276265724934,111.6596383703524,0.0,33.010743155097025,0,0.0,0.0,1.5894444444444444,1.6488888888888888,4.056111111111111,0.0,0.455,0,0,0.0,18.6,391.0,162.1,0,46.0,0
11-16-2020,0.0,0.0,12.492044614640427,0.0,132.0770175548765,0.0,134.50990526855568,0,0.0,0.0,1.2133333333333334,0.0,4.483333333333333,0.0,2.522222222222222,0,0,0.0,17.9,0.0,169.8,0,1340.0,0
11-23-2020,0.0,0.0,32.26705500531475,0.0,104.37096446158992,0.0,130.35458850402387,0,0.0,0.0,3.3922222222222222,0.0,3.8225,0.0,1.6708333333333334,0,0,0.0,311.6,0.0,846.8,0,312.0,0
11-30-2020,0.0,0.0,0.0,0.0,135.43299187552228,0.0,123.92519243279764,0,0.0,0.0,0.0,0.0,5.233333333333333,0.0,2.275,0,0,0.0,0.0,0.0,1464.5,0,1217.0,0
12-07-2020,0.0,0.0,0.0,0.0,32.465412617633326,0.0,485.6982864337489,0,0.0,0.0,0.0,0.0,1.3675000000000002,0.0,7.279166666666667,0,0,0.0,0.0,0.0,215.9,0,3106.0,0
12-14-2020,0.0,0.0,0.0,0.0,50.516974648039195,0.0,330.0817449536916,0,0.0,0.0,0.0,0.0,2.1994444444444445,0.0,5.411388888888889,0,0,0.0,0.0,0.0,407.6,0,2699.0,0
12-21-2020,0.0,0.0,10.867673129589676,0.0,61.682693850814644,0.0,388.69468656782277,0,0.0,0.0,1.5797222222222222,0.0,2.1430555555555557,0.0,5.504444444444444,0,0,0.0,87.8,0.0,506.7,0,1657.0,0
12-28-2020,0.0,0.0,19.246396527630075,0.0,83.05435051042943,0.0,699.7279848824365,0,0.0,0.0,2.3655555555555554,0.0,3.0877777777777777,0.0,9.910555555555556,0,0,0.0,271.1,0.0,550.2,0,2672.0,0
01-04-2021,0.0,0.0,0.0,0.0,111.88837140326243,0.0,312.1298713841529,0,0.0,0.0,0.0,0.0,3.7591666666666668,0.0,4.1475,0,0,0.0,0.0,0.0,690.0,0,416.0,0
01-11-2021,0.0,0.0,0.0,0.0,133.14423451324004,0.0,347.1301026570475,0,0.0,0.0,0.0,0.0,4.546111111111111,0.0,4.936111111111111,0,0,0.0,0.0,0.0,224.20000000000002,0,1904.0,0
01-18-2021,0.0,0.0,0.0,0.0,137.2608175199707,0.0,257.9272777503918,0,0.0,0.0,0.0,0.0,4.821666666666667,0.0,3.6683333333333334,0,0,0.0,0.0,0.0,301.2,0,672.0,0
01-25-2021,0.0,0.0,2.547050368251016,0.0,139.70654853228922,0.0,179.16197739984977,0,0.0,0.0,0.3125,0.0,4.764722222222222,0.0,3.098055555555556,0,0,0.0,0.0,0.0,194.8,0,1419.0,0
02-01-2021,0.0,0.0,0.0,0.0,148.84669606394715,0.0,194.97595140064757,0,0.0,0.0,0.0,0.0,5.167222222222222,0.0,3.012777777777778,0,0,0.0,0.0,0.0,158.39999999999998,0,927.0,0
02-08-2021,0.0,0.0,0.0,0.0,148.96656685124756,0.0,209.9420638293663,0,0.0,0.0,0.0,0.0,5.425277777777778,0.0,3.015277777777778,0,0,0.0,0.0,0.0,206.8,0,485.0,0
02-15-2021,0.0,0.0,12.968265973711533,0.0,157.281889203624,0.0,163.4631853630396,0,0.0,0.0,1.2869444444444444,0.0,5.570555555555556,0.0,2.6777777777777776,0,0,0.0,15.1,0.0,184.6,0,916.0,0
02-22-2021,0.0,0.0,10.162311013842237,0.0,168.0201100374045,0.0,134.5596475680477,0,0.0,0.0,1.0325,0.0,5.945833333333333,0.0,1.7511111111111113,0,0,0.0,8.9,0.0,312.2,0,484.0,0
03-01-2021,0.0,0.0,0.0,0.0,168.47900313640667,0.0,34.63817256839524,0,0.0,0.0,0.0,0.0,6.076944444444445,0.0,0.5219444444444444,0,0,0.0,0.0,0.0,296.4,0,137.0,0
03-08-2021,0.0,0.0,6.571691665674703,0.0,167.7363342960402,0.0,0.0,0,0.0,0.0,0.5777777777777777,0.0,5.938055555555556,0.0,0.0,0,0,0.0,9.7,0.0,201.8,0,0.0,0
03-15-2021,0.0,0.0,26.24680973359867,0.0,185.6021781508837,0.0,0.0,0,0.0,0.0,2.0,0.0,6.5575,0.0,0.0,0,0,0.0,0.0,0.0,296.8,0,0.0,0
03-22-2021,0.0,0.0,0.0,0.0,171.6109332474552,0.0,0.0,0,0.0,0.0,0.0,0.0,6.110277777777778,0.0,0.0,0,0,0.0,0.0,0.0,364.79999999999995,0,0.0,0
03-29-2021,0.0,0.0,22.068048852502997,0.0,106.53964717468855,0.0,0.0,0,0.0,0.0,2.3855555555555554,0.0,4.0152777777777775,0.0,0.0,0,0,0.0,396.6,0.0,282.3,0,0.0,0
04-05-2021,0.0,0.0,21.881311367524777,0.0,167.02363315249886,0.0,0.0,0,0.0,0.0,2.5569444444444445,0.0,6.006944444444445,0.0,0.0,0,0,0.0,357.6,0.0,232.7,0,0.0,0
04-12-2021,0.0,0.0,0.0,0.0,91.06143369546184,0.0,0.0,0,0.0,0.0,0.0,0.0,3.5644444444444443,0.0,0.0,0,0,0.0,0.0,0.0,93.6,0,0.0,0
04-19-2021,0.0,0.0,0.0,0.0,109.22573134725741,0.0,0.0,0,0.0,0.0,0.0,0.0,4.073611111111111,0.0,0.0,0,0,0.0,0.0,0.0,143.4,0,0.0,0
04-26-2021,0.0,0.0,0.0,0.0,99.56981325119455,0.0,0.0,0,0.0,0.0,0.0,0.0,3.611388888888889,0.0,0.0,0,0,0.0,0.0,0.0,109.2,0,0.0,0
05-03-2021,0.0,0.0,0.0,0.0,107.95648726267835,0.0,0.0,0,0.0,0.0,0.0,0.0,3.7872222222222223,0.0,0.0,0,0,0.0,0.0,0.0,198.0,0,0.0,0
05-10-2021,0.0,0.0,0.0,0.0,138.4874544709685,0.0,0.0,0,0.0,0.0,0.0,0.0,4.84,0.0,0.0,0,0,0.0,0.0,0.0,192.7,0,0.0,0
05-17-2021,0.0,0.0,0.0,124.68518953323301,76.47083485553121,0.0,0.0,0,0.0,0.0,0.0,2.174166666666667,2.774166666666667,0.0,0.0,0,0,0.0,0.0,413.0,127.0,0,0.0,0
05-24-2021,0.0,0.0,0.0,0.0,121.22993447548637,0.0,0.0,0,0.0,0.0,0.0,0.0,4.405555555555556,0.0,0.0,0,0,0.0,0.0,0.0,169.9,0,0.0,0
05-31-2021,0.0,0.0,0.0,155.03166173725972,129.42151266478223,0.0,0.0,0,0.0,0.0,0.0,2.658333333333333,4.721111111111111,0.0,0.0,0,0,0.0,0.0,601.0,198.79999999999998,0,0.0,0
06-07-2021,0.0,0.0,0.0,0.0,128.27743977646588,0.0,0.0,0,0.0,0.0,0.0,0.0,4.526944444444444,0.0,0.0,0,0,0.0,0.0,0.0,516.3000000000001,0,0.0,0
06-14-2021,0.0,0.0,15.522655369756452,159.39777168898314,134.94657742229296,0.0,0.0,0,0.0,0.0,1.7697222222222222,2.6911111111111112,5.085833333333333,0.0,0.0,0,0,0.0,35.7,636.0,175.4,0,0.0,0
06-21-2021,0.0,0.0,8.267822533599183,103.94489312577716,163.96366628620723,0.0,0.0,0,0.0,0.0,0.8027777777777778,1.7066666666666668,5.705,0.0,0.0,0,0,0.0,10.4,383.0,304.4,0,0.0,0
06-28-2021,0.0,0.0,10.580635598094766,0.0,53.39244651006742,0.0,60.48194735897869,0,0.0,0.0,1.0533333333333332,0.0,2.2391666666666667,0.0,1.0072222222222222,0,0,0.0,7.4,0.0,241.79999999999998,0,370.0,0
07-05-2021,0.0,0.0,19.440473040402203,121.6714993144196,117.11498236382104,0.0,0.0,0,0.0,0.0,2.1919444444444443,2.4105555555555553,4.11,0.0,0.0,0,0,0.0,37.5,443.0,133.8,0,0.0,0
07-12-2021,0.0,0.0,0.0,0.0,140.2406666661789,0.0,32.969359192814736,0,0.0,0.0,0.0,0.0,4.797777777777777,0.0,0.49694444444444447,0,0,0.0,0.0,0.0,181.8,0,90.0,0
07-19-2021,0.0,0.0,5.2790034645317805,0.0,141.991024795025,0.0,0.0,0,0.0,0.0,0.48444444444444446,0.0,5.020833333333333,0.0,0.0,0,0,0.0,2.7,0.0,202.1,0,0.0,0
07-26-2021,0.0,0.0,7.89353211611008,0.0,159.19146346322117,0.0,0.0,0,0.0,0.0,0.8408333333333333,0.0,5.605555555555555,0.0,0.0,0,0,0.0,20.6,0.0,193.70000000000002,0,0.0,0
08-02-2021,0.0,0.0,29.174877961483205,65.82149780281017,130.99981136423793,0.0,0.0,0,0.0,0.0,2.7313888888888886,1.2844444444444445,4.666388888888889,0.0,0.0,0,0,0.0,10.8,375.0,361.4,0,0.0,0
08-09-2021,0.0,0.0,40.481261863641805,326.7716395567577,155.0918009927931,0.0,0.0,0,0.0,0.0,4.164444444444444,6.488611111111111,5.554444444444444,0.0,0.0,0,0,0.0,86.8,1180.0,453.9,0,0.0,0
08-16-2021,0.0,0.0,12.012561465438699,133.0017350569084,163.27624401617823,0.0,0.0,0,0.0,0.0,1.2336111111111112,2.735,5.933055555555556,0.0,0.0,0,0,0.0,22.4,607.0,217.5,0,0.0,0
08-23-2021,0.0,0.0,17.863193650362334,0.0,153.63928507524963,0.0,0.0,0,0.0,0.0,1.4252777777777779,0.0,5.368611111111111,0.0,0.0,0,0,0.0,33.5,0.0,197.20000000000002,0,0.0,0
08-30-2021,0.0,0.0,40.35833314809392,0.0,192.89961812062222,0.0,0.0,0,0.0,0.0,4.045833333333333,0.0,6.733055555555556,0.0,0.0,0,0,0.0,35.0,0.0,303.2,0,0.0,0
09-06-2021,0.0,0.0,51.49408465404425,108.28613192775454,199.51595553870985,0.0,0.0,0,0.0,0.0,5.046388888888889,2.0152777777777775,6.8502777777777775,0.0,0.0,0,0,0.0,31.7,424.0,167.8,0,0.0,0
09-13-2021,0.0,0.0,23.74012401821413,30.1154966904019,114.8121585316005,0.0,0.0,0,0.0,0.0,2.290277777777778,1.1977777777777778,3.947222222222222,0.0,0.0,0,0,0.0,25.5,121.7,103.0,0,0.0,0
09-20-2021,0.0,0.0,0.0,0.0,127.42570482860668,0.0,0.0,0,0.0,0.0,0.0,0.0,4.4527777777777775,0.0,0.0,0,0,0.0,0.0,0.0,107.7,0,0.0,0
09-27-2021,0.0,0.0,16.097138156512607,0.0,148.8526080585589,0.0,0.0,0,0.0,0.0,1.6716666666666669,0.0,5.111111111111112,0.0,0.0,0,0,0.0,13.899999999999999,0.0,152.5,0,0.0,0
10-04-2021,0.0,0.0,0.0,0.0,91.12565018865851,0.0,0.0,0,0.0,0.0,0.0,0.0,3.1291666666666664,0.0,0.0,0,0,0.0,0.0,0.0,71.9,0,0.0,0
10-11-2021,0.0,12.259030482183976,0.0,0.0,118.73833453945598,0.0,0.0,0,0.0,1.1155555555555556,0.0,0.0,4.042777777777777,0.0,0.0,0,0,2.1,0.0,0.0,75.4,0,0.0,0
10-18-2021,0.0,0.0,0.0,0.0,92.30376801146326,0.0,0.0,0,0.0,0.0,0.0,0.0,3.4483333333333333,0.0,0.0,0,0,0.0,0.0,0.0,85.8,0,0.0,0
10-25-2021,0.0,0.0,0.0,0.0,101.67529878051235,0.0,0.0,0,0.0,0.0,0.0,0.0,3.5725,0.0,0.0,0,0,0.0,0.0,0.0,144.9,0,0.0,0
11-01-2021,0.0,0.0,0.0,0.0,131.4313869708961,0.0,0.0,0,0.0,0.0,0.0,0.0,4.547777777777778,0.0,0.0,0,0,0.0,0.0,0.0,149.9,0,0.0,0
11-08-2021,0.0,0.0,0.0,0.0,116.53193737797201,0.0,0.0,0,0.0,0.0,0.0,0.0,4.024166666666666,0.0,0.0,0,0,0.0,0.0,0.0,82.3,0,0.0,0
11-15-2021,0.0,0.0,0.0,0.0,143.7334323104277,0.0,0.0,0,0.0,0.0,0.0,0.0,5.025277777777777,0.0,0.0,0,0,0.0,0.0,0.0,104.5,0,0.0,0
11-22-2021,0.0,0.0,0.0,0.0,137.43756577267388,0.0,0.0,0,0.0,0.0,0.0,0.0,5.136111111111111,0.0,0.0,0,0,0.0,0.0,0.0,88.1,0,0.0,0
11-29-2021,0.0,0.0,0.0,3.886015216872168,179.666943284447,0.0,0.0,0,0.0,0.0,0.5336111111111111,0.15805555555555556,6.315833333333333,0.0,0.0,0,0,0.0,0.0,6.6,182.0,0,0.0,0
12-06-2021,0.0,0.0,0.0,0.0,172.51893407506768,0.0,0.0,0,0.0,0.0,0.0,0.0,6.0777777777777775,0.0,0.0,0,0,0.0,0.0,0.0,217.0,0,0.0,0
12-13-2021,0.0,0.0,6.197808971951928,0.0,169.78494235995527,0.0,0.0,0,0.0,0.0,0.5663888888888889,0.0,6.259166666666667,0.0,0.0,0,0,0.0,13.1,0.0,144.5,0,0.0,0
12-20-2021,0.0,0.0,8.112072054861887,0.0,190.71483031875363,0.0,0.0,0,0.0,0.0,1.3030555555555556,0.0,7.095277777777778,0.0,0.0,0,0,0.0,23.9,0.0,1326.1,0,0.0,0
12-27-2021,0.0,0.0,8.194024531893817,19.379518337336165,199.8623168782055,0.0,33.6779830986928,0,0.0,0.0,0.981111111111111,0.6227777777777778,7.059166666666666,0.0,0.6775,0,0,0.0,112.4,25.7,193.3,0,425.0,0
01-03-2022,5.038446442398261,0.0,15.031144369448047,0.0,201.23573438508134,0.0,36.59178099475585,0,0.5102777777777778,0.0,1.4783333333333333,0.0,7.380833333333333,0.0,0.5063888888888889,0,0,0.0,15.7,0.0,328.2,0,30.0,0
01-10-2022,0.0,0.0,0.0,0.0,176.91195379536867,0.0,29.741002411029633,0,0.0,0.0,0.2461111111111111,0.0,6.543611111111111,0.0,0.4461111111111111,0,0,0.0,0.0,0.0,109.60000000000001,0,103.0,0
01-17-2022,0.0,0.0,9.76294558472396,0.0,214.6115202632377,0.0,39.36226398695461,0,0.0,0.0,1.0230555555555556,0.0,7.392777777777778,0.0,0.7575,0,0,0.0,6.6,0.0,154.2,0,302.0,0
01-24-2022,0.0,0.0,0.0,0.0,218.0341574196781,0.0,27.72052728699123,0,0.0,0.0,0.0,0.0,7.8997222222222225,0.0,1.005,0,0,0.0,0.0,0.0,177.1,0,721.0,0
01-31-2022,0.0,0.0,0.0,0.0,219.52928047080292,0.0,30.704249808979533,0,0.0,0.0,0.0,0.0,8.183333333333334,0.0,0.4588888888888889,0,0,0.0,0.0,0.0,238.7,0,84.0,0
02-07-2022,0.0,0.0,0.0,0.0,184.4768605558184,0.0,6.737839100453365,0,0.0,0.0,0.0,0.0,6.765833333333333,0.0,0.10583333333333333,0,0,0.0,0.0,0.0,336.5,0,30.0,0
02-14-2022,0.0,0.0,0.0,0.0,94.18459774553433,0.0,0.0,0,0.0,0.0,0.0,0.0,3.2669444444444444,0.0,0.0,0,0,0.0,0.0,0.0,96.7,0,0.0,0
02-21-2022,0.0,0.0,0.0,0.0,149.6374763087403,0.0,55.314660206420776,0,0.0,0.0,0.0,0.0,5.656666666666666,0.0,0.9227777777777777,0,0,0.0,0.0,0.0,152.5,0,295.0,0
02-28-2022,0.0,0.0,0.0,0.0,212.2157354122944,0.0,84.3462232640397,0,0.0,0.0,0.0,0.0,7.6125,0.0,1.8697222222222223,0,0,0.0,0.0,0.0,178.89999999999998,0,1236.0,0
03-07-2022,0.0,0.0,0.0,0.0,186.67061828054622,0.0,45.194344740510324,0,0.0,0.0,0.0,0.0,6.749722222222222,0.0,1.361111111111111,0,0,0.0,0.0,0.0,164.2,0,1071.0,0
03-21-2022,0.0,0.0,0.0,0.0,167.2024200240337,0.0,0.0,0,0.0,0.0,0.0,0.0,6.001388888888889,0.0,0.0,0,0,0.0,0.0,0.0,134.3,0,0.0,0
03-28-2022,0.0,0.0,44.08268589161703,0.0,72.27066847670332,0.0,160.59036370549254,0,0.0,0.0,4.373055555555556,0.0,2.8922222222222222,0.0,3.1658333333333335,0,0,0.0,1142.8,0.0,599.4000000000001,0,1580.0,0
04-04-2022,0.0,0.0,0.0,11.09110575353742,166.40491233709614,0.0,193.5124269414132,0,0.0,0.0,0.0,0.33305555555555555,5.868888888888889,0.0,2.7938888888888886,0,0,0.0,0.0,30.6,398.5,0,462.0,0
04-11-2022,0.0,0.0,22.965856585957255,0.0,125.24744060699933,0.0,146.03319821440078,0,0.0,0.0,1.75,0.0,4.457777777777778,0.0,2.358611111111111,0,0,0.0,0.0,0.0,118.2,0,472.0,0
04-18-2022,0.0,0.0,0.0,50.11903625210307,194.9345674383653,0.0,358.53678660572274,0,0.0,0.0,0.0,1.3427777777777778,7.120555555555555,0.0,6.002777777777777,0,0,0.0,0.0,78.6,328.1,0,2124.0,0
04-25-2022,0.0,0.0,8.084958424401076,33.09860762674071,212.95820039077768,0.0,353.5908934582809,0,0.0,0.0,0.8461111111111111,0.7913888888888889,7.8308333333333335,0.0,6.027777777777778,0,0,0.0,0.0,32.8,235.2,0,1752.0,0
05-02-2022,0.0,0.0,0.0,283.65016244425897,230.50173860833885,0.0,228.6633121459659,0,0.0,0.0,0.0,4.838055555555556,8.227777777777778,0.0,5.049444444444445,0,0,0.0,0.0,949.0,206.9,0,2401.0,0
05-09-2022,0.0,0.0,0.0,853.3423988079401,173.8256887461489,0.0,46.52005856672582,0,0.0,0.0,0.0,14.623888888888889,6.467222222222222,0.0,1.5047222222222223,0,0,0.0,0.0,3837.8,364.3,0,1059.0,0
05-16-2022,0.0,0.0,0.0,979.6654147105129,164.1654895505396,0.0,69.35850147570558,0,0.0,0.0,0.0,16.105,5.771111111111111,0.0,0.9225,0,0,0.0,0.0,3302.4,156.3,0,51.0,0
05-23-2022,0.0,0.0,0.0,1220.2572972260539,54.06111348684534,0.0,0.0,0,0.0,0.0,0.0,19.646944444444443,1.7941666666666667,0.0,0.0,0,0,0.0,0.0,4325.0,68.5,0,0.0,0
05-30-2022,0.0,0.0,5.440869799763996,343.3690547745548,78.72982838287149,0.0,17.66259355732896,0,0.0,0.0,0.5438888888888889,6.9013888888888895,3.125,0.0,0.2513888888888889,0,0,0.0,31.2,1172.3,140.7,0,12.0,0
06-06-2022,0.0,0.0,0.0,673.1472493842152,117.95468946057356,0.0,101.39661958622716,0,0.0,0.0,0.0,11.704722222222221,4.1755555555555555,0.0,1.378888888888889,0,0,0.0,0.0,2153.9,112.9,0,97.0,0
06-13-2022,0.0,0.0,0.0,0.0,131.73738365752527,0.0,0.0,0,0.0,0.0,0.0,0.0,5.0697222222222225,0.0,0.0,0,0,0.0,0.0,0.0,286.4,0,0.0,0
06-20-2022,0.0,0.0,0.0,843.8481431852264,66.54520748804237,0.128229124510156,0.0,0,0.0,0.0,0.0,16.876944444444444,2.4483333333333333,0.09861111111111111,0.0,0,0,0.0,0.0,4132.0,204.2,0,0.0,0
06-27-2022,0.0,0.0,0.0,764.2050135657802,46.853780469465285,0.0,0.0,0,0.0,0.0,0.0,15.898611111111112,1.6733333333333333,0.0,0.0,0,0,0.0,0.0,3214.6,33.599999999999994,0,0.0,0
07-04-2022,0.0,0.0,0.0,2097.941416469425,0.0,0.0,0.0,0,0.0,0.0,0.0,43.970555555555556,0.0,0.0,0.0,0,0,0.0,0.0,9899.0,0.0,0,0.0,0
07-11-2022,0.0,0.0,0.0,2179.21136391652,0.0,0.0,0.0,0,0.0,0.0,0.0,42.494166666666665,0.0,0.0,0.0,0,0,0.0,0.0,6516.0,0.0,0,0.0,0
07-18-2022,0.0,0.0,0.0,2979.2069812762215,0.0,0.0,0.0,0,0.0,0.0,0.0,52.47611111111111,0.0,0.0,0.0,0,0,0.0,0.0,6761.0,0.0,0,0.0,0
07-25-2022,0.0,0.0,16.404154152557588,2291.4805493175327,0.0,0.0,0.0,0,0.0,0.0,2.0,42.587777777777774,0.0,0.0,0.0,0,0,0.0,0.0,4724.0,0.0,0,0.0,0
08-01-2022,0.0,0.0,23.401509430278725,1428.2808168729637,19.18911133846099,0.0,0.0,0,0.0,0.0,3.458611111111111,30.568611111111114,0.8716666666666666,0.0,0.0,0,0,0.0,228.39999999999998,7951.0,11.7,0,0.0,0
08-08-2022,0.0,0.0,19.264947958998,223.13580104585722,63.406346072966265,0.0,0.0,0,0.0,0.0,2.778611111111111,4.802777777777777,2.4338888888888888,0.0,0.0,0,0,0.0,28.2,675.0,197.7,0,0.0,0
08-15-2022,0.0,0.0,0.0,297.45263124387765,171.53550435068453,0.0,0.0,0,0.0,0.0,0.0,7.351944444444444,6.2780555555555555,0.0,0.0,0,0,0.0,0.0,1060.3,144.0,0,0.0,0
08-22-2022,0.0,0.0,25.16328382458201,250.4653212409399,131.82871378118276,0.0,0.0,0,0.0,0.0,2.0344444444444445,7.1525,4.852777777777778,0.0,0.0,0,0,0.0,259.3,965.4,227.7,0,0.0,0
08-29-2022,0.0,0.0,0.0,0.0,214.94320354714554,0.0,0.0,0,0.0,0.0,0.0,0.0,8.116944444444444,0.0,0.0,0,0,0.0,0.0,0.0,430.1,0,0.0,0
09-05-2022,0.0,0.0,0.0,0.0,214.23417191750116,0.0,0.0,0,0.0,0.0,0.0,0.0,7.7825,0.0,0.0,0,0,0.0,0.0,0.0,123.3,0,0.0,0
09-12-2022,0.0,0.0,0.0,0.0,231.83581077176407,0.0,0.0,0,0.0,0.0,0.0,0.0,8.1875,0.0,0.0,0,0,0.0,0.0,0.0,168.5,0,0.0,0
09-19-2022,0.0,0.0,0.0,0.0,238.07765391047946,0.0,0.0,0,0.0,0.0,0.0,0.0,8.285,0.0,0.0,0,0,0.0,0.0,0.0,174.4,0,0.0,0
09-26-2022,0.0,0.0,0.0,25.60566411104789,228.45476143948915,0.0,0.0,0,0.0,0.0,0.0,0.7822222222222223,8.305277777777778,0.0,0.0,0,0,0.0,0.0,26.2,148.6,0,0.0,0
10-03-2022,0.0,0.0,0.0,0.0,264.64106114863176,0.0,0.0,0,0.0,0.0,0.0,0.0,9.2425,0.0,0.0,0,0,0.0,0.0,0.0,191.4,0,0.0,0
10-10-2022,0.0,0.0,0.0,0.0,238.00854473208682,0.0,0.0,0,0.0,0.0,0.0,0.0,8.363333333333333,0.0,0.0,0,0,0.0,0.0,0.0,184.9,0,0.0,0
10-17-2022,0.0,0.0,13.767812279480738,0.0,197.05758508963515,0.0,0.0,0,0.0,0.0,1.8519444444444444,0.0,7.365555555555556,0.0,0.0,1,0,0.0,215.0,0.0,435.5,0,0.0,0
10-24-2022,0.0,0.0,0.0,0.0,170.11112137301765,0.0,0.0,0,0.0,0.0,0.0,0.0,5.989444444444445,0.0,0.0,0,0,0.0,0.0,0.0,128.2,0,0.0,0
10-31-2022,0.0,0.0,0.0,0.0,143.27474307330868,0.0,0.0,0,0.0,0.0,0.0,0.0,4.878888888888889,0.0,0.0,0,0,0.0,0.0,0.0,120.8,0,0.0,0
11-07-2022,0.0,0.0,4.115767559197996,0.0,37.89833180395394,0.0,283.6440465877641,0,0.0,0.0,0.6605555555555556,0.0,1.3822222222222222,0.0,5.093055555555556,0,0,0.0,0.0,0.0,30.1,0,1939.0,0
11-14-2022,0.0,0.0,7.164522021915617,24.966149383562424,31.73823728038734,0.0,288.5348970267516,0,0.0,0.0,0.6358333333333333,0.7383333333333333,1.3180555555555555,0.0,4.098055555555556,0,0,0.0,0.0,38.6,14.2,0,628.0,0
11-21-2022,0.0,0.0,9.239020544992481,0.0,111.33529411423848,0.0,26.588889973547865,0,0.0,0.0,2.935,0.0,4.123611111111111,0.0,0.3591666666666667,0,0,0.0,120.5,0.0,297.3,0,20.0,0
11-28-2022,0.0,0.0,0.0,316.662128770655,29.52592812429161,0.0,26.552398696461513,0,0.0,0.0,0.0,4.844444444444445,1.0755555555555556,0.0,0.3386111111111111,0,0,0.0,0.0,0.0,25.8,0,20.0,0
12-05-2022,0.0,0.0,0.0,397.7045663561389,101.93583426719594,0.0,0.0,0,0.0,0.0,0.0,6.047777777777778,3.8872222222222224,0.0,0.0,0,0,0.0,0.0,0.0,99.7,0,0.0,0
12-12-2022,0.0,0.0,26.57971618880548,479.7220753287962,51.17361377371044,0.0,0.0,0,0.0,0.0,2.736388888888889,7.200833333333334,2.102777777777778,0.0,0.0,0,0,0.0,57.0,0.0,143.0,0,0.0,0
12-19-2022,0.0,0.0,154.50264015044917,11.703302988678912,69.49998162262139,0.0,0.0,0,0.0,0.0,9.634444444444444,0.16666666666666666,2.522222222222222,0.0,0.0,0,0,0.0,3649.1,0.0,109.0,0,0.0,0
12-26-2022,0.0,0.0,20.02841071144718,0.0,120.89111602566781,0.0,0.0,0,0.0,0.0,1.903888888888889,0.0,4.551666666666667,0.0,0.0,0,0,0.0,50.0,0.0,146.0,0,0.0,0
01-02-2023,0.0,0.0,4.6555938258162675,211.31058865104623,118.59766984007281,0.0,0.0,0,0.0,0.0,0.4602777777777778,3.1666666666666665,4.3425,0.0,0.0,0,0,0.0,4.0,0.0,171.0,0,0.0,0
01-09-2023,0.0,0.0,0.0,118.80642440843278,120.41876804237683,0.0,0.0,0,0.0,0.0,0.0,1.7619444444444445,4.293611111111111,0.0,0.0,0,0,0.0,0.0,0.0,176.0,0,0.0,0
01-16-2023,0.0,0.0,0.0,238.24787858292137,107.27354995407894,0.0,0.0,0,0.0,0.0,0.0,3.5166666666666666,4.025833333333333,0.0,0.0,0,0,0.0,0.0,0.0,265.0,0,0.0,0
01-23-2023,0.0,0.0,0.0,66.56233188622815,167.7092206655794,0.0,0.0,0,0.0,0.0,0.0,1.0,6.0841666666666665,0.0,0.0,0,0,0.0,0.0,0.0,210.0,0,0.0,0
01-30-2023,10.886428422840764,0.0,13.445506642198456,179.52811334201232,126.36174966037376,0.0,0.0,0,0.5961111111111111,0.0,1.313611111111111,2.6666666666666665,4.860833333333334,0.0,0.0,0,25,0.0,35.0,0.0,144.0,0,0.0,0
02-06-2023,0.0,0.0,0.0,105.41453344150644,172.17501907816998,0.0,0.0,0,0.0,0.0,0.0,1.5333333333333332,6.11,0.0,0.0,0,0,0.0,0.0,0.0,289.0,0,0.0,0
02-13-2023,0.0,0.0,16.382137069175876,98.2608160993985,185.65885175440326,0.0,0.0,0,0.0,0.0,1.6483333333333334,1.5,6.575,0.0,0.0,0,0,0.0,10.0,0.0,227.0,0,0.0,0
02-20-2023,0.0,0.0,0.0,115.98069484589656,200.907109029421,0.0,0.0,0,0.0,0.0,0.26944444444444443,1.75,7.046944444444445,0.0,0.0,0,0,0.0,0.0,0.0,264.0,0,0.0,0
02-27-2023,0.0,0.0,0.0,113.01205810326238,203.44498561292963,0.0,0.0,0,0.0,0.0,0.0,1.7166666666666666,7.038888888888889,0.0,0.0,0,0,0.0,0.0,0.0,273.0,0,0.0,0
03-06-2023,0.0,0.0,0.0,0.0,172.09082412042324,0.0,0.0,0,0.0,0.0,0.26416666666666666,0.0,6.229444444444445,0.0,0.0,0,0,0.0,0.0,0.0,248.0,0,0.0,0
03-13-2023,0.0,0.0,223.92291177675344,0.0,48.32749802285784,0.0,0.0,0,0.0,0.0,24.71638888888889,0.0,1.7555555555555555,0.0,0.0,0,0,0.0,2292.0,0.0,88.0,0,0.0,0
03-20-2023,0.0,0.0,0.0,0.0,189.20380604074208,0.0,0.0,0,0.0,0.0,0.0,0.0,6.773333333333333,0.0,0.0,0,0,0.0,0.0,0.0,253.0,0,0.0,0
03-27-2023,0.0,0.0,0.0,61.425827878028,46.84358737530708,0.0,0.0,0,0.0,0.0,0.0,1.0,1.7152777777777777,0.0,0.0,0,0,0.0,0.0,0.0,75.0,0,0.0,0
04-03-2023,0.0,0.0,0.0,10.510303248403183,164.57851372582985,0.0,0.0,0,0.0,0.0,0.0,0.24166666666666664,5.929444444444444,0.0,0.0,0,0,0.0,0.0,19.0,244.0,0,0.0,0
04-10-2023,0.0,0.0,0.0,12.872247026741288,84.47689873114781,0.0,0.0,0,0.0,0.0,2.0630555555555556,0.3219444444444444,3.0780555555555558,0.0,0.0,0,0,0.0,0.0,21.0,108.0,0,0.0,0
04-17-2023,0.0,0.0,0.0,75.16183770373516,8.364656928102084,0.0,0.0,0,0.0,0.0,3.0524999999999998,1.323611111111111,0.2966666666666667,0.0,0.0,0,0,0.0,0.0,36.0,16.0,0,0.0,0
04-24-2023,0.0,0.0,0.0,154.93992388983594,0.0,0.0,0.0,0,0.0,0.0,5.160277777777778,2.5652777777777778,0.0,0.0,0.0,0,0,0.0,0.0,49.0,0.0,0,0.0,0
05-01-2023,0.0,0.0,0.0,25.625234851831635,20.998997137190983,0.0,0.0,0,0.0,0.0,6.61361111111111,0.8083333333333332,0.8283333333333334,0.0,0.0,0,0,0.0,0.0,70.0,22.0,0,0.0,0
05-08-2023,0.0,0.0,0.0,0.0,51.98416862117051,0.0,0.0,0,0.0,0.0,1.955277777777778,0.0,1.8761111111111113,0.0,0.0,0,0,0.0,0.0,0.0,80.0,0,0.0,0
